Type,Address,Data,User,Wide
W,0x00,0x10FC9AF6,1,T
W,0x01,0xA0A85065,2,T
W,0x05,0xB61B6B58,3,T
W,0x06,0x223F43B3,4,T
W,0x08,0xE55D0CF1,5,T
W,0x0A,0xC86E3AD5,6,T
W,0x12,0x2F02B65C,7,T
W,0x16,0x210F5D61,8,T
W,0x17,0x8E99EFC0,9,T
W,0x1B,0x27DAA4FB,10,T
W,0x23,0xB8E00FD2,11,T
W,0x24,0xFDF0BC63,12,T
W,0x25,0x42480F6F,13,T
W,0x27,0xF9885599,14,T
W,0x2B,0x8F54606C,15,T
W,0x2D,0xEC5DFD22,16,T
W,0x35,0x42D11B02,17,T
W,0x36,0x964A3514,18,T
W,0x3A,0x9A56208F,19,T
W,0x3E,0x56819F09,20,T
W,0x3F,0xC5352891,21,T
W,0x41,0xB18667BC,22,T
W,0x42,0x4EDB8849,23,T
W,0x44,0xA38AB995,24,T
W,0x46,0xAA63F377,25,T
W,0x4A,0xC16E4EE4,26,T
W,0x4E,0xF1C39954,27,T
W,0x52,0x93A69639,28,T
W,0x5A,0xE000E86E,29,T
W,0x5C,0x6338E58E,30,T
W,0x5E,0xB4938E05,31,T
W,0x62,0xBABECA5B,32,T
W,0x63,0x8810D024,33,T
W,0x64,0x2AD33070,34,T
W,0x65,0x8E8A6598,35,T
W,0x67,0x9F005BC7,36,T
W,0x68,0xA4DBA33C,37,T
W,0x6C,0xA4DB2434,38,T
W,0x70,0xCB72F962,39,T
W,0x78,0x4AF7C380,40,T
W,0x7A,0xE48D6EBD,41,T
W,0x7B,0x3C1F7E3C,42,T
W,0x7F,0xE67787CE,43,T
W,0x83,0xD8241068,44,T
W,0x8B,0x61D406A8,45,T
W,0x93,0xC36DF455,46,T
W,0x97,0x0F265B35,47,T
W,0x9F,0x0A0B3A7B,48,T
W,0xA0,0x1765FD94,49,T
W,0xA4,0x026C5819,50,T
W,0xA6,0xA4823E2B,51,T
W,0xA8,0x18BED36E,52,T
W,0xA9,0xE03FBB87,53,T
W,0xB1,0x3E5A3F8D,54,T
W,0xB2,0xC47A4AC3,55,T
W,0xB6,0x41545D7E,56,T
W,0xBE,0xD3AAFB8D,57,T
W,0xC2,0x18E22ABC,58,T
W,0xC3,0xA8BEC5CC,59,T
W,0xC4,0x0B61F68A,60,T
W,0xC5,0x2CB32D47,61,T
W,0xC6,0x3EB3A525,62,T
W,0xCE,0xC0A8D679,63,T
W,0xD2,0xE43597E2,64,T
W,0xD4,0x6154830B,65,T
W,0xD8,0x7B4B32B5,66,T
W,0xDA,0xC2DC5CE3,67,T
W,0xDC,0x0D57E217,68,T
W,0xDD,0xCFD3BA65,69,T
W,0xDF,0x4A04D992,70,T
W,0xE0,0xB7EE672C,71,T
W,0xE4,0x820E9EB8,72,T
W,0xE5,0xD5DA1152,73,T
W,0xE7,0xA78AAC30,74,T
W,0xE8,0x560E22DC,75,T
W,0xEA,0xD7E44433,76,T
W,0xF2,0xA6AA38E6,77,T
W,0xF4,0x2E4A5F07,78,T
W,0xF5,0xB521D822,79,T
W,0xFD,0x62961C3E,80,T
W,0x101,0xBB4CD0B5,81,T
W,0x109,0x69577906,82,T
W,0x10A,0xD6FAEE41,83,T
W,0x10B,0x396CD967,84,T
W,0x10F,0x2297B50F,85,T
W,0x110,0x41BC902D,86,T
W,0x118,0x16FA4CA8,87,T
W,0x120,0xB7351992,88,T
W,0x124,0xA1A26C34,89,T
W,0x125,0xFDF42776,90,T
W,0x129,0xBDF03BDF,91,T
W,0x12B,0xB2B25BE6,92,T
W,0x12C,0xA75762CA,93,T
W,0x134,0x603C49E9,94,T
W,0x138,0x37142996,95,T
W,0x13C,0x2D12F58C,96,T
W,0x140,0x344626BE,97,T
W,0x142,0xF275F794,98,T
W,0x14A,0x0DB2A8B5,99,T
W,0x152,0x74B6DBB1,100,T
W,0x154,0x901A51B1,101,T
W,0x15C,0x68E01ECB,102,T
W,0x15E,0xB30A6A0C,103,T
W,0x15F,0x973D8FB6,104,T
W,0x160,0xC79F79F3,105,T
W,0x164,0x730DD894,106,T
W,0x16C,0x961941F1,107,T
W,0x170,0x8AD2A53B,108,T
W,0x171,0x54EB6375,109,T
W,0x173,0x5718A82C,110,T
W,0x174,0xF3911008,111,T
W,0x178,0x4FC334A8,112,T
W,0x180,0x1E06A7BF,113,T
W,0x188,0x3E2EE722,114,T
W,0x189,0x38696C38,115,T
W,0x18B,0xE7276D54,116,T
W,0x18C,0xF688BEDD,117,T
W,0x194,0xB15555DF,118,T
W,0x19C,0x2AA4D9A3,119,T
W,0x1A4,0xB802FBA8,120,T
W,0x1A6,0x7B2F1A34,121,T
W,0x1A7,0x96ECD3E3,122,T
W,0x1A9,0xD7651EE7,123,T
W,0x1B1,0xABE6C2BC,124,T
W,0x1B5,0x6549C436,125,T
W,0x1BD,0x7405637F,126,T
W,0x1BE,0xB24AA6CF,127,T
W,0x1C0,0xD023925F,128,T
W,0x1C4,0x742181EB,129,T
W,0x1CC,0x62EE4274,130,T
W,0x1D4,0xB3A9B043,131,T
W,0x1DC,0x092CE769,132,T
W,0x1DE,0xF6836EDC,133,T
W,0x1E6,0x00006410,134,T
W,0x1EA,0x337C18C2,135,T
W,0x1F2,0x8329BEAB,136,T
W,0x1F6,0x422549AF,137,T
W,0x1F8,0xA2B21C8B,138,T
W,0x1FC,0x8031A06E,139,T
W,0x1FE,0x8D816E7E,140,T
W,0x206,0x54DA5B77,141,T
W,0x208,0xE4B36C42,142,T
W,0x20A,0xD0709EDF,143,T
W,0x20C,0x6A29CF8D,144,T
W,0x214,0x3A33AD56,145,T
W,0x215,0x76631F37,146,T
W,0x216,0x038F2612,147,T
W,0x217,0xE9E27D9B,148,T
W,0x21B,0xF548D5B3,149,T
W,0x21F,0xD44971E2,150,T
W,0x221,0x72514CCB,151,T
W,0x229,0x06F919E1,152,T
W,0x22D,0xA920B849,153,T
W,0x235,0x9FDC384A,154,T
W,0x237,0xA06CEB2F,155,T
W,0x23F,0x299A10B6,156,T
W,0x243,0x79D03B32,157,T
W,0x24B,0x29817ED4,158,T
W,0x24C,0x463E470A,159,T
W,0x254,0x45B31D36,160,T
W,0x258,0x4ED4094F,161,T
W,0x260,0xEBE03C4C,162,T
W,0x262,0x48E220FA,163,T
W,0x264,0xB253F2AD,164,T
W,0x266,0x0DDCAD67,165,T
W,0x26E,0x66021A77,166,T
W,0x26F,0x128D3966,167,T
W,0x277,0x1EF2D494,168,T
W,0x27B,0x1F3B129F,169,T
W,0x27F,0x633736C1,170,T
W,0x287,0x5C4982C7,171,T
W,0x289,0x4A108E6F,172,T
W,0x28B,0x5E816412,173,T
W,0x28C,0xEB81A32E,174,T
W,0x294,0x42D33296,175,T
W,0x295,0xECC5A164,176,T
W,0x29D,0xF5E6DD7D,177,T
W,0x2A1,0x68A1D5A6,178,T
W,0x2A9,0x5DD9CB70,179,T
W,0x2AD,0xAC6B31E6,180,T
W,0x2AE,0xE412C111,181,T
W,0x2B6,0xB9A7312E,182,T
W,0x2BE,0x25B87BAF,183,T
W,0x2BF,0x6D4FA93C,184,T
W,0x2C1,0x0272682D,185,T
W,0x2C9,0x44FB3B48,186,T
W,0x2CB,0x91B10490,187,T
W,0x2D3,0x9478C7C5,188,T
W,0x2D7,0xF2EBC767,189,T
W,0x2D9,0xF34E3ADF,190,T
W,0x2DD,0xDA87E91D,191,T
W,0x2E5,0x0E11A32F,192,T
W,0x2E9,0xD34723CB,193,T
W,0x2EA,0xCA238F00,194,T
W,0x2F2,0x4A489AB5,195,T
W,0x2F4,0x00C9ABEC,196,T
W,0x2F8,0xDC23F0E7,197,T
W,0x2F9,0x61534DF5,198,T
W,0x301,0xFA1BABF7,199,T
W,0x305,0x1F8A34DA,200,T
W,0x307,0x900237FD,201,T
W,0x308,0x37F526C6,202,T
W,0x310,0xF515A15B,203,T
W,0x311,0xD24F4FDD,204,T
W,0x313,0x98573692,205,T
W,0x315,0x17A2CF9B,206,T
W,0x319,0xC7F06D00,207,T
W,0x31D,0xD5CE53F4,208,T
W,0x325,0x727806FA,209,T
W,0x326,0x9CBBAFB0,210,T
W,0x328,0x90E4A804,211,T
W,0x329,0x97F408CF,212,T
W,0x32D,0x5BCA7C7D,213,T
W,0x32F,0x97733002,214,T
W,0x330,0x61A0ECA6,215,T
W,0x331,0x3FD190F3,216,T
W,0x335,0xB216CD06,217,T
W,0x339,0xDD213EF9,218,T
W,0x33B,0x1BFBB196,219,T
W,0x33F,0x7288DED6,220,T
W,0x341,0x071F30CB,221,T
W,0x345,0xAA319F0D,222,T
W,0x34D,0x7F14EBF1,223,T
W,0x351,0x040C2E93,224,T
W,0x353,0xD49D164D,225,T
W,0x35B,0x3854287A,226,T
W,0x35C,0x78AC030A,227,T
W,0x35E,0x413FE155,228,T
W,0x362,0x38E9EB28,229,T
W,0x364,0xCEBB62DC,230,T
W,0x365,0x4081798B,231,T
W,0x367,0x5C38594A,232,T
W,0x369,0xAD4F04DE,233,T
W,0x36A,0xF94F6451,234,T
W,0x372,0xB886157E,235,T
W,0x376,0x655C21A2,236,T
W,0x37E,0xC0ED6E2A,237,T
W,0x380,0x065AB541,238,T
W,0x388,0x5C916F3D,239,T
W,0x390,0xC34D7AF1,240,T
W,0x394,0xDE80B6F8,241,T
W,0x39C,0x3C7097B9,242,T
W,0x3A0,0x6108B159,243,T
W,0x3A4,0x7BF8492B,244,T
W,0x3A8,0x70A93B63,245,T
W,0x3A9,0xC68C6915,246,T
W,0x3AB,0xD5493BF2,247,T
W,0x3AC,0x022A9662,248,T
W,0x3B4,0x4BF46253,249,T
W,0x3B5,0x7E0D51BC,250,T
W,0x3B7,0x006CB3D7,251,T
W,0x3B8,0x1E9B4601,252,T
W,0x3BA,0x1349BEBA,253,T
W,0x3BB,0xDF1185EB,254,T